[{"id":"6282347260729@s.whatsapp.net","uang":39997398,"exp":2699997,"level":1,"karakter":"soilbot","energi":199946,"medali":6400009556,"claim":111},{"id":"6285838225041@s.whatsapp.net","uang":1000,"exp":1,"level":1,"karakter":false,"energi":100,"medali":1000},{"id":"6281515447927@s.whatsapp.net","uang":1000,"exp":1,"level":1,"karakter":false,"energi":100,"medali":1000,"claim":1},{"id":"62882003537961@s.whatsapp.net","uang":1000,"exp":1,"level":1,"karakter":false,"energi":100,"medali":1000,"claim":131},{"id":"6288233230964@s.whatsapp.net","uang":1000,"exp":1,"level":1,"karakter":false,"energi":100,"medali":1000,"claim":1},{"id":"6285775326036@s.whatsapp.net","uang":1000,"exp":1,"level":1,"karakter":false,"energi":100,"medali":1000,"claim":1},{"id":"6287893347023@s.whatsapp.net","uang":1000,"exp":1,"level":1,"karakter":false,"energi":100,"medali":1000,"claim":1},{"id":"628978161093@s.whatsapp.net","uang":1000,"exp":1,"level":1,"karakter":false,"energi":100,"medali":1000,"claim":1},{"id":"6282182253545@s.whatsapp.net","uang":1000,"exp":1,"level":1,"karakter":false,"energi":100,"medali":1000,"claim":1},{"id":"6285741736433@s.whatsapp.net","uang":1000,"exp":1,"level":1,"karakter":false,"energi":100,"medali":1000,"claim":1},{"id":"6283832702971@s.whatsapp.net","uang":1000,"exp":1,"level":1,"karakter":false,"energi":100,"medali":1000,"claim":1},{"id":"62882021332486@s.whatsapp.net","uang":1000,"exp":1,"level":1,"karakter":false,"energi":100,"medali":1000,"claim":1},{"id":"6281935396985@s.whatsapp.net","uang":1000,"exp":1,"level":1,"karakter":false,"energi":100,"medali":1000,"claim":1},{"id":"6288804364640@s.whatsapp.net","uang":1000,"exp":1,"level":1,"karakter":false,"energi":100,"medali":1000,"claim":1},{"id":"6283131699879@s.whatsapp.net","uang":1000,"exp":1,"level":1,"karakter":false,"energi":100,"medali":1000,"claim":1},{"id":"6285753164360@s.whatsapp.net","uang":1000,"exp":1,"level":1,"karakter":false,"energi":100,"medali":1000,"claim":1},{"id":"6285849800541@s.whatsapp.net","uang":1000,"exp":1,"level":1,"karakter":false,"energi":100,"medali":1000,"claim":1}]